{
  "knn": {
    "MAE": 1.018201754385965,
    "RMSE": 1.5479536576770603,
    "R2": 0.5808120242818189
  },
  "decision_tree": {
    "MAE": 1.1573391812865497,
    "RMSE": 1.848806810569189,
    "R2": 0.4020347149083131
  },
  "random_forest": {
    "MAE": 1.0179751461988313,
    "RMSE": 1.5831647112426352,
    "R2": 0.5615247252841924
  },
  "cnn": {
    "MAE": 1.5721725225448608
  }
}